# last_updated,2026-06-12 20:10:23
date,SPY,XLB,XLC,XLE,XLF,XLI,XLK,XLP,XLRE,XLU,XLV,XLY
2025-05-09,557.9440307617188,41.467613220214844,95.98971557617188,39.9329719543457,49.10177230834961,134.300048828125,108.1817626953125,78.73271179199219,40.211910247802734,39.00992202758789,130.35519409179688,100.41136932373047
2025-05-12,576.382568359375,42.42877960205078,97.98497009277344,40.97453308105469,50.09640884399414,138.434326171875,113.20306396484375,78.84947967529297,40.25056838989258,38.77656555175781,133.57772827148438,105.40192413330078
2025-05-13,580.18896484375,42.21791076660156,98.94308471679688,41.55101776123047,50.303226470947266,139.40127563476562,115.64908599853516,77.78881072998047,39.709381103515625,38.723087310791016,129.5594024658203,106.7958984375
2025-05-14,580.930419921875,41.830501556396484,99.45671844482422,41.299110412597656,50.165348052978516,138.73033142089844,116.39979553222656,77.3703842163086,39.37114334106445,38.55293273925781,126.51371002197266,107.20764923095703
2025-05-15,583.7679443359375,42.25714111328125,99.85182189941406,41.473514556884766,50.500179290771484,140.2695770263672,116.55888366699219,78.95651245117188,40.09593963623047,39.37455368041992,128.17410278320312,106.96952819824219
2025-05-16,587.465576171875,42.688690185546875,100.53337097167969,41.4105339050293,50.80546569824219,141.8680419921875,116.77764129638672,79.86149597167969,40.59846878051758,39.95309066772461,130.75799560546875,107.98152923583984
2025-05-19,588.1082153320312,42.796573638916016,100.63214111328125,40.872798919677734,50.83500671386719,142.3515167236328,116.60860443115234,80.09503173828125,40.685447692871094,40.12324523925781,132.0155792236328,107.72853088378906
2025-05-20,586.1307983398438,42.723018646240234,100.38520812988281,40.49492645263672,50.559268951416016,141.83843994140625,116.17109680175781,80.37722778320312,40.47283935546875,40.239925384521484,132.3397979736328,107.16796112060547
2025-05-21,576.2540893554688,42.15415954589844,99.634521484375,39.74888229370117,49.52523422241211,139.44076538085938,113.98857879638672,79.44306182861328,39.40013122558594,39.50581741333008,129.2744598388672,104.99513244628906
2025-05-22,576.4815063476562,42.11002731323242,99.4172134399414,39.59385681152344,49.466148376464844,139.4111328125,114.0184097290039,79.11221313476562,39.264835357666016,38.941864013671875,128.2625274658203,105.44656372070312
2025-05-23,572.5465698242188,42.02666091918945,98.96285247802734,39.719810485839844,49.288883209228516,138.957275390625,112.76058197021484,79.40414428710938,39.27450180053711,39.4085807800293,128.0561981201172,104.49905395507812
2025-05-27,584.4501342773438,42.762245178222656,100.5728759765625,40.06376647949219,50.1555061340332,141.40428161621094,115.44027709960938,80.12422943115234,39.921993255615234,39.705142974853516,129.8443145751953,107.58467102050781
2025-05-28,581.06884765625,42.17868423461914,100.55313110351562,39.55509948730469,49.82067108154297,140.70375061035156,114.9630126953125,79.57929992675781,39.921993255615234,39.15091323852539,129.1762237548828,106.59747314453125
2025-05-29,583.362548828125,42.335609436035156,99.74317169189453,39.850616455078125,50.07672119140625,140.83200073242188,115.15690612792969,79.9004135131836,40.28921890258789,39.42316818237305,130.04080200195312,106.64210510253906
2025-05-30,582.7100830078125,42.34050750732422,100.15803527832031,39.49696731567383,50.1850471496582,140.92080688476562,114.79894256591797,80.60103607177734,40.327877044677734,39.82668685913086,130.31590270996094,106.06171417236328
2025-06-02,585.9924926757812,42.59061050415039,100.65190124511719,40.015323638916016,50.204742431640625,140.74319458007812,115.81314086914062,80.64969635009766,40.385860443115234,39.95309066772461,130.39450073242188,106.30973815917969
2025-06-03,589.3341064453125,43.027061462402344,100.3654556274414,40.49008560180664,50.303226470947266,141.8285675048828,117.5531997680664,80.57184600830078,40.240901947021484,40.0600471496582,130.69906616210938,106.87528228759766
2025-06-04,589.1759643554688,43.18888854980469,101.00749206542969,39.700435638427734,50.01762771606445,141.9075164794922,117.72721862792969,80.00746154785156,40.36653518676758,39.35996627807617,130.95449829101562,106.5925064086914
2025-06-05,586.3285522460938,42.93388748168945,101.1457748413086,39.661678314208984,49.8797607421875,141.80885314941406,117.39411926269531,79.23870849609375,40.35687255859375,39.2967643737793,130.77767944335938,103.90375518798828
2025-06-06,592.3495483398438,43.04667663574219,102.43973541259766,40.40773391723633,50.500179290771484,143.0027313232422,118.50277709960938,79.49171447753906,40.47283935546875,39.47178268432617,132.02542114257812,105.25309753417969
2025-06-09,592.8834228515625,43.33600997924805,102.1434097290039,40.48523712158203,50.22443771362305,142.87448120117188,119.0844497680664,79.38467407226562,40.45351028442383,39.21897888183594,131.79945373535156,106.09642791748047
2025-06-10,596.2449340820312,43.60572052001953,103.43736267089844,41.20706558227539,50.28352737426758,142.25286865234375,119.75064086914062,79.5598373413086,40.81107711791992,39.31134796142578,133.30262756347656,107.36638641357422
2025-06-11,594.54443359375,43.17417907714844,103.20030212402344,41.802940368652344,50.22443771362305,142.32192993164062,119.48714447021484,79.2873764038086,40.588809967041016,39.33565902709961,133.3714141845703,106.51809692382812
2025-06-12,596.9072265625,43.35562515258789,102.36071014404297,41.94826889038086,50.22443771362305,141.94699096679688,120.59581756591797,79.75445556640625,40.81107711791992,39.81209945678711,134.41282653808594,106.01705169677734
2025-06-13,590.2338256835938,42.85051727294922,101.32357025146484,42.679779052734375,49.200252532958984,140.75306701660156,118.90547180175781,78.78135681152344,40.48250198364258,39.58359909057617,133.74476623535156,105.03977966308594
2025-06-16,595.8494873046875,43.21341323852539,103.06201171875,42.55382537841797,49.7615852355957,141.7200469970703,120.8294677734375,79.03437042236328,40.521156311035156,39.38913345336914,133.3321075439453,106.17083740234375
2025-06-17,590.7578125,42.79167556762695,102.15328979492188,42.951072692871094,49.47599411010742,140.65438842773438,119.97437286376953,78.36293029785156,40.35687255859375,39.06340408325195,131.13136291503906,104.34031677246094
2025-06-18,590.6688232421875,42.66907501220703,102.20267486572266,42.67009353637695,49.456302642822266,140.3189239501953,120.11853790283203,78.265625,40.434181213378906,39.16550064086914,130.9053955078125,104.3899154663086
2025-06-20,589.2816162109375,42.37974166870117,101.58039093017578,43.10609436035156,49.59416961669922,140.476806640625,119.58657836914062,78.8397445678711,40.42451858520508,39.272457122802734,130.276611328125,104.51393127441406
2025-06-23,595.1022338867188,42.851932525634766,102.86659240722656,42.016014099121094,50.21868896484375,142.37901306152344,120.95006561279297,79.75289154052734,41.01448059082031,39.77031707763672,130.46417236328125,106.58548736572266
2025-06-24,601.6764526367188,43.20681381225586,104.19339752197266,41.469024658203125,50.96969985961914,143.56663513183594,123.12126159667969,79.6843032836914,41.209503173828125,39.941654205322266,132.06336975097656,107.17707824707031
2025-06-25,602.0136108398438,42.792781829833984,104.17359161376953,41.28831481933594,50.80171203613281,142.29983520507812,124.17201232910156,78.6163558959961,40.205108642578125,39.408058166503906,132.1818389892578,105.91436004638672
2025-06-26,606.7236938476562,43.26595687866211,105.3815689086914,41.87926483154297,51.177215576171875,143.84376525878906,125.0285415649414,78.54777526855469,39.951576232910156,39.73604965209961,132.49774169921875,106.88873291015625
2025-06-27,609.7380981445312,43.32017517089844,106.61925506591797,41.65949249267578,51.325439453125,145.27883911132812,124.879150390625,78.92008972167969,40.09784698486328,39.81437683105469,132.21145629882812,108.6684799194336
2025-06-30,612.6533813476562,43.28074264526367,107.46088409423828,41.42018127441406,51.75035095214844,146.00132751464844,126.10418701171875,79.33159637451172,40.390380859375,39.97592544555664,133.06040954589844,108.0420913696289
2025-07-01,612.455078125,44.39960861206055,106.69847869873047,41.737632751464844,52.03691864013672,146.4862823486328,124.9787368774414,80.32115173339844,40.66342544555664,40.112998962402344,134.95579528808594,108.50442504882812
2025-07-02,615.2315063476562,45.06501007080078,106.39151763916016,42.45556640625,51.99739456176758,146.63473510742188,126.29839324951172,80.5562973022461,40.74143600463867,39.76542282104492,133.62310791015625,109.3744125366211
2025-07-03,620.0803833007812,45.035438537597656,106.97571563720703,42.5044059753418,52.56064987182617,147.88177490234375,127.96166229248047,80.51710510253906,40.76094055175781,40.06404113769531,133.7613067626953,109.97097778320312
2025-07-07,615.4595947265625,44.60169219970703,105.94596099853516,42.09415817260742,52.05668640136719,147.36712646484375,126.94577026367188,80.44851684570312,40.448890686035156,40.14726638793945,132.6359405517578,108.57402801513672
2025-07-08,615.1224365234375,44.966434478759766,105.7281265258789,43.22721862792969,51.592247009277344,147.32754516601562,127.62801361083984,79.70389556884766,40.390380859375,39.72136306762695,133.2381134033203,108.2061538696289
2025-07-09,618.8110961914062,45.23752212524414,106.00537109375,43.00743865966797,51.779998779296875,148.3568115234375,128.3948974609375,79.18462371826172,40.370887756347656,40.09341812133789,133.75143432617188,108.84745025634766
2025-07-10,620.5563354492188,45.479034423828125,105.64891815185547,43.33466339111328,52.08633041381836,149.1881866455078,127.97162628173828,79.46875762939453,40.57566452026367,40.42140579223633,134.57080078125,110.05050659179688
2025-07-11,618.3748168945312,45.109371185302734,104.96571350097656,43.5300178527832,51.5428352355957,148.6537322998047,127.40890502929688,79.1748275756836,40.536659240722656,40.3626594543457,133.45530700683594,110.0803451538086
2025-07-14,619.5547485351562,44.857994079589844,105.99546813964844,43.0514030456543,51.928218841552734,149.4553985595703,127.30432891845703,79.243408203125,40.80970001220703,40.52421188354492,133.29734802246094,110.48799133300781
2025-07-15,616.9072875976562,43.9362907409668,104.94590759277344,42.43114471435547,51.03887176513672,148.3370361328125,128.43475341796875,78.44979858398438,40.283119201660156,40.137474060058594,130.89852905273438,108.90711212158203
2025-07-16,618.9697265625,44.05458068847656,105.26274871826172,42.064849853515625,51.39461135864258,148.861572265625,128.8331298828125,78.72413635253906,40.72193145751953,40.15705108642578,132.52735900878906,109.10596466064453
2025-07-17,622.757568359375,44.36510467529297,105.62911224365234,42.323699951171875,51.888694763183594,150.23727416992188,130.0033721923828,79.46875762939453,40.68292999267578,40.32350158691406,131.01698303222656,109.47881317138672
2025-07-18,622.301513671875,44.46860885620117,105.1439437866211,41.98182678222656,51.91834259033203,149.90078735351562,129.9187469482422,79.25320434570312,40.79994583129883,40.99906921386719,130.1482696533203,110.44822692871094
2025-07-21,623.4815063476562,44.695343017578125,106.5499496459961,41.54716110229492,51.77011489868164,149.1090087890625,130.08804321289062,79.243408203125,40.955970764160156,41.13124084472656,129.40789794921875,110.97021484375
2025-07-22,623.5707397460938,45.311458587646484,106.79749298095703,41.742515563964844,52.05668640136719,149.46530151367188,128.8829345703125,79.96843719482422,41.667823791503906,41.63547134399414,131.81658935546875,112.09373474121094
2025-07-23,628.8757934570312,45.46424865722656,107.38167572021484,42.39695739746094,52.47171401977539,152.14739990234375,129.6199493408203,79.9978256225586,41.78483581542969,41.322166442871094,134.5214385986328,112.62566375732422
2025-07-24,629.083984375,44.99600601196289,107.55989837646484,42.69975662231445,52.44206619262695,151.8900909423828,130.16773986816406,79.71369934082031,41.72633361816406,41.26831817626953,134.01797485351562,110.76141357421875
2025-07-25,631.7413940429688,45.52832794189453,106.55985260009766,42.53858947753906,52.80769348144531,153.39443969726562,130.46649169921875,79.85086059570312,41.72633361816406,41.376007080078125,134.72872924804688,111.79048156738281
2025-07-28,631.582763671875,44.867855072021484,105.98556518554688,43.022090911865234,52.44206619262695,152.9193572998047,131.50729370117188,79.02787017822266,41.00472640991211,40.935428619384766,133.5540008544922,112.44172668457031
2025-07-29,629.9169311523438,44.695343017578125,105.07463073730469,43.44210433959961,52.175262451171875,151.177490234375,131.51226806640625,79.5471420288086,41.68732452392578,41.40538787841797,132.7050323486328,111.66619873046875
2025-07-30,629.1236572265625,43.79335021972656,105.40137481689453,42.82185745239258,52.076446533203125,150.43521118164062,131.80609130859375,78.84170532226562,41.10224151611328,41.71379852294922,132.46812438964844,110.96026611328125
2025-07-31,626.763671875,43.24131774902344,106.35192108154297,42.59231185913086,51.75035095214844,150.44509887695312,130.83999633789062,78.1656723022461,40.380638122558594,41.938987731933594,128.75636291503906,110.0803451538086
2025-08-01,616.4907836914062,42.743492126464844,105.07463073730469,41.801124572753906,50.791831970214844,148.19847106933594,128.0164337158203,78.53797912597656,40.26362228393555,42.002628326416016,129.4473876953125,107.42564392089844
2025-08-04,625.8612670898438,43.31031799316406,107.09453582763672,41.70832824707031,51.29579544067383,149.5642547607422,130.61590576171875,78.92008972167969,40.604915618896484,42.746726989746094,131.30325317382812,108.68836975097656
2025-08-05,622.688232421875,43.615909576416016,106.26280212402344,41.762054443359375,51.08828353881836,149.2574462890625,129.5352783203125,78.84170532226562,40.74143600463867,42.29145431518555,130.79981994628906,108.82756805419922
2025-08-06,627.457763671875,43.142738342285156,106.66876983642578,41.37622833251953,51.335323333740234,149.37623596191406,130.99436950683594,79.96843719482422,40.40013885498047,41.91450881958008,128.83534240722656,111.08952331542969
2025-08-07,626.9321899414062,43.33003616333008,106.21329498291016,41.21506118774414,50.76218032836914,149.15850830078125,131.11390686035156,80.57588958740234,40.55615997314453,42.36978530883789,127.35458374023438,111.05472564697266
2025-08-08,631.82080078125,43.546905517578125,106.56975555419922,41.478790283203125,51.23650360107422,149.2772674560547,132.42359924316406,80.81103515625,40.224613189697266,42.18865203857422,128.4898223876953,111.24859619140625
2025-08-11,630.5713500976562,43.44832992553711,107.11434173583984,41.14668655395508,51.21674728393555,148.79229736328125,131.5272216796875,80.7424545288086,39.990577697753906,42.056480407714844,128.6181640625,111.53694152832031
2025-08-12,637.2844848632812,44.01515579223633,109.16394805908203,41.346923828125,51.83928680419922,150.3362274169922,133.56398010253906,80.95800018310547,40.058841705322266,42.237606048583984,129.50662231445312,112.72012329101562
2025-08-13,639.4659423828125,44.84320831298828,110.01547241210938,41.82554244995117,52.13573455810547,150.91026306152344,133.61376953125,80.95800018310547,40.32212829589844,42.33061981201172,131.5796661376953,114.2662124633789
2025-08-14,639.5254516601562,44.374961853027344,110.10458374023438,41.78647232055664,52.38277816772461,149.5741729736328,133.32493591308594,80.23297882080078,40.039337158203125,42.03689193725586,132.24107360839844,114.13695526123047
2025-08-15,638.0281372070312,44.374961853027344,110.38182830810547,41.78647232055664,51.83928680419922,148.8912811279297,132.3140411376953,80.36034393310547,40.3026237487793,41.91450881958008,134.4622039794922,113.86353302001953
2025-08-18,637.8892822265625,44.11865997314453,109.70852661132812,41.53739929199219,51.87881088256836,149.47518920898438,132.59788513183594,80.25257110595703,39.92231750488281,41.733375549316406,134.1463165283203,114.32089233398438
2025-08-19,634.4286499023438,44.384822845458984,109.09463500976562,41.55204772949219,51.97762680053711,149.8018035888672,130.28225708007812,81.07557678222656,40.63417053222656,42.13969802856445,135.00514221191406,114.2662124633789
2025-08-20,632.742919921875,44.4193229675293,108.76788330078125,41.8988037109375,52.24443435668945,149.66323852539062,129.40081787109375,81.53606414794922,40.79019546508789,42.183753967285156,135.7356414794922,113.1377182006836
2025-08-21,630.2044677734375,44.55240249633789,108.64906311035156,42.18695068359375,52.076446533203125,149.1287841796875,128.9327392578125,80.80123901367188,40.64392852783203,41.894927978515625,135.2815399169922,112.46658325195312
2025-08-22,639.8823852539062,45.43467712402344,110.2135009765625,43.046512603759766,52.936153411865234,151.5634765625,130.68064880371094,80.80123901367188,41.28751754760742,42.1201171875,136.3970489501953,115.88188934326172
2025-08-25,637.0662231445312,45.18330383300781,110.39173126220703,43.15884780883789,52.629817962646484,150.04922485351562,130.38682556152344,79.41976165771484,41.082740783691406,41.645263671875,134.4523162841797,115.64823913574219
2025-08-26,639.733642578125,45.30652618408203,109.90656280517578,43.09047317504883,53.034969329833984,151.59317016601562,130.9844207763672,78.90049743652344,40.96571731567383,41.73827362060547,135.2914276123047,116.18017578125
2025-08-27,641.1912841796875,45.419891357421875,110.09469604492188,43.573974609375,53.1436653137207,151.5733642578125,131.69154357910156,79.13562774658203,41.14124298095703,41.74806594848633,135.2124481201172,116.20503234863281
2025-08-28,643.4619750976562,45.419891357421875,110.51054382324219,43.90607833862305,53.21283721923828,151.84059143066406,132.7323455810547,78.63595581054688,41.03398132324219,41.42986297607422,134.6793670654297,116.40388488769531
2025-08-29,639.6245727539062,45.48396301269531,110.29270935058594,44.1453857421875,53.3511848449707,150.44509887695312,130.69558715820312,79.14543151855469,41.258262634277344,41.27810287475586,135.66653442382812,115.20580291748047
2025-09-02,634.884765625,45.14387130737305,110.10458374023438,44.2088737487793,52.95591735839844,149.01002502441406,129.37591552734375,79.01806640625,40.55615997314453,41.14103317260742,135.7948760986328,114.34574890136719
2025-09-03,638.3256225585938,44.838279724121094,111.94625854492188,43.217445373535156,52.866981506347656,148.25784301757812,130.14779663085938,78.95926666259766,40.448890686035156,41.038230895996094,135.15321350097656,114.80809020996094
2025-09-04,643.6602783203125,45.01079177856445,112.95621490478516,43.50559997558594,53.42035675048828,149.9304656982422,130.7902069091797,79.00827026367188,40.72193145751953,40.98927688598633,135.66653442382812,116.90599060058594
2025-09-05,641.796142578125,45.32624053955078,113.5602035522461,42.66557312011719,52.44206619262695,149.37623596191406,130.89974975585938,79.23361206054688,41.13149642944336,40.861995697021484,136.13050842285156,116.88113403320312
2025-09-08,643.3727416992188,45.36567306518555,113.68892669677734,42.567893981933594,52.481597900390625,149.71273803710938,131.88076782226562,78.93968200683594,40.858455657958984,40.44588851928711,136.08116149902344,117.33352661132812
2025-09-09,644.8601684570312,44.62633514404297,114.33251953125,42.77301788330078,52.70887756347656,148.70321655273438,132.13475036621094,79.09644317626953,40.83895492553711,40.72492599487305,136.81166076660156,117.16947937011719
2025-09-10,646.724365234375,44.71012878417969,113.49089813232422,43.5202522277832,52.531005859375,149.8018035888672,134.53004455566406,78.32243347167969,40.8194465637207,41.424964904785156,135.56784057617188,115.76754760742188
2025-09-11,652.0988159179688,45.64662170410156,115.23355102539062,43.5300178527832,53.390708923339844,151.2269744873047,134.98321533203125,78.95926666259766,41.4825439453125,41.645263671875,137.9271697998047,118.01956176757812
2025-09-12,651.8805541992188,45.188232421875,116.1939926147461,43.27116775512695,53.163429260253906,150.01953125,134.89358520507812,78.69473266601562,41.297271728515625,41.85576629638672,136.3378143310547,118.63105010986328
2025-09-15,655.3511352539062,44.82349395751953,117.82775115966797,43.124656677246094,53.04484939575195,150.71234130859375,136.10865783691406,77.79335021972656,41.24850845336914,41.953670501708984,135.17295837402344,119.66011047363281
2025-09-16,654.4487915039062,44.68548583984375,117.35247802734375,43.847469329833984,52.926273345947266,150.2669677734375,135.6355743408203,78.14607238769531,41.00472640991211,41.18998718261719,135.17295837402344,120.39586639404297
2025-09-17,653.6357421875,44.78899383544922,117.659423828125,43.95003128051758,53.440120697021484,149.5840606689453,135.16746520996094,78.6163558959961,40.98522186279297,41.292789459228516,135.4394989013672,120.09262084960938
2025-09-18,656.6898803710938,44.78899383544922,117.74853515625,43.81328201293945,53.48952865600586,151.177490234375,137.5030059814453,77.9305191040039,41.01448059082031,41.322166442871094,135.70602416992188,119.55074310302734
2025-09-19,659.9423217773438,44.76927947998047,118.23371124267578,43.23209762573242,53.60810470581055,151.54367065429688,138.89736938476562,77.77375793457031,40.80970001220703,41.58651351928711,135.52833557128906,120.00313568115234
2025-09-22,663.0645751953125,44.75392532348633,117.82137298583984,43.182350158691406,53.53672409057617,152.05052185058594,140.9407196044922,76.9066390991211,40.94430923461914,41.989654541015625,135.49363708496094,119.61219787597656
2025-09-23,659.4551391601562,44.61030960083008,117.65245819091797,43.926109313964844,53.29878234863281,152.09027099609375,139.72409057617188,77.29136657714844,41.2685661315918,42.20650100708008,135.80105590820312,118.4866943359375
2025-09-24,657.3569946289062,44.065555572509766,116.67872619628906,44.497474670410156,53.15007019042969,151.30516052246094,138.8614501953125,77.45906829833984,40.84605407714844,42.50713348388672,135.25563049316406,119.32335662841797
2025-09-25,654.3242797851562,43.4910888671875,116.28128051757812,44.89645004272461,53.01127243041992,150.2815704345703,138.6171417236328,76.71920013427734,40.747798919677734,42.09807586669922,133.01443481445312,117.64007568359375
2025-09-26,658.072998046875,43.99622344970703,117.41398620605469,45.3101921081543,53.397926330566406,151.6331329345703,139.03598022460938,76.9066390991211,41.150657653808594,42.78312301635742,134.37303161621094,119.37814331054688
2025-09-29,659.9224243164062,44.16460418701172,117.79155731201172,44.47777557373047,53.665611267089844,152.10020446777344,139.77891540527344,77.05461120605469,41.2292594909668,42.90633010864258,134.7696990966797,119.90103912353516
2025-09-30,662.4082641601562,44.382503509521484,117.61270904541016,44.004920959472656,53.407840728759766,153.2728729248047,140.54180908203125,77.31109619140625,41.39630126953125,42.98025894165039,138.01251220703125,119.34327697753906
2025-10-01,664.6654052734375,43.91698455810547,115.96332550048828,44.004920959472656,52.93195724487305,152.84556579589844,141.9180145263672,77.1927261352539,41.39630126953125,43.39424133300781,142.27674865722656,120.09028625488281
2025-10-02,665.4309692382812,44.42707443237305,115.70499420166016,43.561622619628906,52.892303466796875,153.24305725097656,142.68589782714844,76.88690948486328,41.18013381958008,43.31538772583008,141.9990692138672,119.22374725341797
2025-10-03,665.421142578125,44.50135803222656,115.64537811279297,43.793121337890625,53.25912857055664,153.45176696777344,141.96788024902344,76.97569274902344,41.34717559814453,43.81808090209961,143.6155242919922,118.4568099975586
2025-10-06,667.8074951171875,44.46173858642578,115.76461791992188,44.00984573364258,53.23929977416992,154.16729736328125,143.40391540527344,76.41339111328125,40.934486389160156,44.24191665649414,142.9213409423828,119.4727554321289
2025-10-07,665.3316040039062,44.28345489501953,115.3174819946289,44.07880401611328,53.30870056152344,153.29275512695312,142.44656372070312,77.12366485595703,40.8067512512207,44.4439811706543,143.03041076660156,117.381103515625
2025-10-08,669.2990112304688,44.52116775512695,114.84056091308594,43.82267761230469,53.05093002319336,154.6244354248047,144.9446563720703,76.73892974853516,40.600406646728516,44.749542236328125,143.30809020996094,117.72972106933594
2025-10-09,667.3600463867188,43.91203308105469,114.18478393554688,43.226680755615234,52.8625602722168,152.33871459960938,144.70033264160156,76.98555755615234,40.41371536254883,44.63618850708008,142.99075317382812,117.1420669555664
2025-10-10,649.32275390625,43.01071548461914,112.0783462524414,41.975589752197266,51.7125129699707,148.96974182128906,138.8115997314453,77.04474639892578,39.971553802490234,44.45383834838867,140.9280548095703,113.91993713378906
2025-10-13,659.2860107421875,43.69413375854492,113.11168670654297,42.54695510864258,52.20822525024414,150.52008056640625,142.19227600097656,76.78825378417969,40.197547912597656,44.79389572143555,140.76937866210938,116.46477508544922
2025-10-14,658.4805908203125,44.12993621826172,113.85688781738281,42.542030334472656,52.78324890136719,152.28903198242188,140.3673095703125,78.0213623046875,40.580753326416016,45.193092346191406,141.1561279296875,116.70879364013672
2025-10-15,661.4039306640625,43.93184280395508,114.66171264648438,42.51740264892578,52.78324890136719,151.6529998779297,141.75845336914062,78.15947723388672,41.17030715942383,45.78449630737305,141.3743133544922,116.87812042236328
2025-10-16,656.8995971679688,43.6049919128418,113.4395751953125,42.00514602661133,51.315940856933594,150.65921020507812,141.86317443847656,77.61691284179688,41.04256820678711,45.2867317199707,141.13632202148438,115.74762725830078
2025-10-17,660.62841796875,43.52080154418945,114.20465850830078,42.34993362426758,51.73234176635742,150.78839111328125,142.11248779296875,78.65272521972656,41.30786895751953,45.129024505615234,142.0784149169922,116.74365234375
2025-10-20,667.499267578125,44.040794372558594,115.49633026123047,42.79815673828125,52.33710861206055,152.56729125976562,143.69810485839844,78.58367156982422,41.740203857421875,45.11423873901367,143.58575439453125,117.66995239257812
2025-10-21,667.4893188476562,43.872413635253906,115.90371704101562,42.699649810791016,52.27762222290039,153.91885375976562,143.7729034423828,78.21867370605469,41.61246871948242,44.65589904785156,143.92294311523438,119.10920715332031
2025-10-22,664.0191040039062,43.738704681396484,114.9001693725586,43.24638748168945,51.98019790649414,151.92132568359375,142.35182189941406,78.66258239746094,41.79916000366211,44.552406311035156,144.7460479736328,118.17793273925781
2025-10-23,667.9566650390625,44.26364517211914,114.5126724243164,43.82267761230469,52.08925247192383,153.8194580078125,144.1468505859375,78.2778549194336,41.75986099243164,44.517906188964844,144.8253631591797,118.7107925415039
2025-10-24,673.4155883789062,44.080413818359375,114.81075286865234,43.37937545776367,52.654361724853516,153.94866943359375,146.38568115234375,78.0213623046875,41.907249450683594,45.040313720703125,144.81544494628906,118.35720825195312
2025-10-27,681.3603515625,44.060604095458984,116.41046142578125,43.482810974121094,52.872474670410156,154.8231964111328,149.08822631835938,78.14962005615234,41.99568176269531,45.16352081298828,145.15261840820312,120.06040954589844
2025-10-28,683.1700439453125,44.120025634765625,115.83415985107422,43.029659271240234,52.53539276123047,153.7200927734375,150.5641326904297,77.37029266357422,41.062225341796875,44.419334411621094,144.2402801513672,120.09028625488281
2025-10-29,683.4982299804688,43.25337600708008,115.54601287841797,43.349822998046875,51.64311218261719,154.1175994873047,151.64614868164062,75.5452880859375,39.94207763671875,44.4045524597168,142.78250122070312,119.0992431640625
2025-10-30,675.9810180664062,42.67395782470703,113.588623046875,43.09368896484375,51.78190994262695,153.73004150390625,149.78131103515625,75.46636199951172,40.16807174682617,44.2172737121582,143.099853515625,116.40998840332031
2025-10-31,678.1983032226562,42.42634201049805,114.07547760009766,43.4089241027832,51.92070770263672,154.0977325439453,149.92588806152344,75.24933624267578,40.18772506713867,43.91171646118164,143.05026245117188,119.4876937866211
2025-11-03,679.4711303710938,42.16387176513672,112.86328887939453,43.41385269165039,51.702598571777344,153.4418182373047,150.53919982910156,74.6574478149414,40.11894226074219,43.93635940551758,143.2485809326172,120.60821533203125
2025-11-04,671.4169921875,41.955875396728516,112.0882797241211,42.945926666259766,51.970279693603516,151.66293334960938,146.565185546875,74.96324920654297,40.22702407836914,43.77865219116211,143.89320373535156,118.60621643066406
2025-11-05,673.7437133789062,42.2034912109375,112.69437408447266,43.05921173095703,52.14873504638672,152.249267578125,147.13861083984375,74.91393280029297,40.217201232910156,43.78850555419922,144.44854736328125,120.05045318603516
2025-11-06,666.514892578125,41.9954948425293,111.68090057373047,43.477882385253906,51.96036911010742,151.64305114746094,144.1817626953125,74.57852172851562,40.02068328857422,43.5963020324707,144.7261962890625,117.27653503417969
2025-11-07,667.1710815429688,42.50062561035156,111.39276123046875,44.103431701660156,52.32719039916992,152.37847900390625,143.68313598632812,75.67352294921875,40.55127716064453,44.202491760253906,144.92454528808594,117.4607925415039
2025-11-10,677.5818481445312,42.901763916015625,112.55526733398438,44.50239944458008,52.51556396484375,153.24305725097656,147.35800170898438,75.39730834960938,40.52180099487305,44.187705993652344,146.0550537109375,119.00463104248047
2025-11-11,679.1329956054688,43.347469329833984,113.46939086914062,45.0836181640625,52.753501892089844,153.28282165527344,146.10147094726562,76.38379669189453,40.973793029785156,44.212345123291016,149.42677307128906,119.29845428466797
2025-11-12,679.5109252929688,43.65451431274414,112.81361389160156,44.453147888183594,53.20955276489258,153.43190002441406,146.5552215576172,76.27528381347656,40.6495361328125,44.31584167480469,151.54898071289062,118.49665832519531
2025-11-13,668.235107421875,43.367279052734375,111.21391296386719,44.566436767578125,52.525474548339844,151.0567169189453,142.90029907226562,76.27528381347656,40.11894226074219,43.70472717285156,151.4696502685547,115.5384750366211
2025-11-14,668.1256713867188,42.97109603881836,110.61775207519531,45.32497024536133,52.000022888183594,151.066650390625,143.67816162109375,76.21609497070312,40.23685073852539,43.7441520690918,150.5672149658203,114.98567962646484
2025-11-17,661.901123046875,42.31739044189453,110.46871185302734,44.497474670410156,51.008602142333984,149.58590698242188,141.42938232421875,75.73271179199219,39.971553802490234,44.13842010498047,150.43829345703125,113.90499877929688
2025-11-18,656.3427734375,42.35205841064453,111.09467315673828,44.85211181640625,50.92928695678711,148.92007446289062,139.13072204589844,76.0582504272461,40.11894226074219,43.970855712890625,151.32089233398438,111.80339050292969
2025-11-19,658.8783569335938,42.46100997924805,110.47865295410156,44.27090072631836,51.11766052246094,149.41696166992188,140.09803771972656,75.47623443603516,39.80451202392578,43.60123062133789,151.0630645751953,111.8083724975586
2025-11-20,648.8355712890625,41.827117919921875,109.26644897460938,43.76849365234375,50.6715202331543,146.91259765625,135.7001953125,76.018798828125,39.66695022583008,43.379451751708984,150.16061401367188,110.1400375366211
2025-11-21,655.2987670898438,42.763099670410156,111.1841049194336,44.0443229675293,51.22671127319336,148.70143127441406,136.2237548828125,76.84745025634766,40.18772506713867,43.44352340698242,153.3240966796875,112.30139923095703
2025-11-24,664.9437866210938,42.847286224365234,112.28700256347656,43.92118453979492,51.444828033447266,149.0691375732422,139.4697723388672,75.95960998535156,40.24667739868164,43.93635940551758,153.96868896484375,113.80040740966797
2025-11-25,671.1982421875,43.48613357543945,113.5687484741211,43.645355224609375,52.08925247192383,150.9772186279297,139.84375,77.00528717041016,40.57093048095703,43.768795013427734,157.44949340820312,116.23567962646484
2025-11-26,675.8318481445312,44.0209846496582,113.72772216796875,43.975364685058594,52.49573516845703,151.8517608642578,141.49917602539062,77.84380340576172,40.747798919677734,44.350341796875,157.10240173339844,117.03250122070312
2025-11-28,679.5208129882812,44.27355194091797,114.65177917480469,44.55165481567383,52.872474670410156,152.73623657226562,142.7158203125,78.2975845336914,40.94430923461914,44.66575241088867,156.33880615234375,117.75960540771484
2025-12-01,676.41845703125,44.16460418701172,114.11522674560547,44.98017883300781,52.436248779296875,150.50021362304688,142.7806396484375,78.21867370605469,40.37441635131836,43.62094497680664,153.99842834472656,117.8293228149414
2025-12-02,677.67138671875,43.763465881347656,114.4927978515625,44.39896774291992,52.38667678833008,151.81199645996094,144.25157165527344,77.7056884765625,40.27615737915039,43.310455322265625,153.076171875,117.7496337890625
2025-12-03,680.0180053710938,44.07050704956055,114.3934326171875,45.23138427734375,53.0905876159668,153.25302124023438,144.5956268310547,77.76488494873047,40.354759216308594,43.172462463378906,153.79019165039062,119.01956939697266
2025-12-04,680.51513671875,43.81298828125,115.0492172241211,45.42348098754883,53.19964599609375,154.04803466796875,145.13414001464844,77.3900146484375,40.285980224609375,43.08374786376953,152.6199951171875,118.59625244140625
2025-12-05,681.8078002929688,43.66937255859375,116.3806381225586,45.236305236816406,53.2194709777832,153.62071228027344,146.19619750976562,77.39988708496094,40.27615737915039,42.67962646484375,151.9853057861328,119.25363159179688
2025-12-08,679.7594604492188,43.065189361572266,115.5162124633789,44.743751525878906,53.02118682861328,153.43190002441406,147.22337341308594,76.7586669921875,40.03050994873047,42.10793685913086,150.1705322265625,117.52055358886719
2025-12-09,679.1727905273438,42.97604751586914,115.64537811279297,45.019588470458984,52.82290267944336,152.30889892578125,147.61228942871094,76.93623352050781,39.7946891784668,42.137508392333984,148.71278381347656,117.5105972290039
2025-12-10,683.6771850585938,43.81794357299805,116.3210220336914,45.49243927001953,53.427669525146484,155.09152221679688,148.32032775878906,77.16312408447266,39.87329864501953,42.117794036865234,150.8746337890625,119.23371124267578
2025-12-11,685.26806640625,44.689544677734375,116.06269073486328,45.27571487426758,54.399261474609375,156.75115966796875,147.5624237060547,77.73529052734375,40.08946228027344,42.4233512878418,152.30267333984375,119.70183563232422
2025-12-12,677.9000854492188,44.719261169433594,115.80435943603516,44.83241271972656,54.47857666015625,155.76731872558594,143.29421997070312,78.34690856933594,40.04033279418945,42.21636199951172,152.77867126464844,120.21976470947266
2025-12-15,676.8758544921875,44.689544677734375,115.82422637939453,44.51717758178711,54.51823425292969,156.01576232910156,141.90805053710938,78.5639419555664,40.197547912597656,42.600772857666016,154.80169677734375,121.24567413330078
2025-12-16,675.0264282226562,44.5706901550293,115.90371704101562,43.1577262878418,54.171234130859375,155.09152221679688,142.16732788085938,78.20880126953125,39.84381866455078,42.4233512878418,152.78858947753906,121.44487762451172
2025-12-17,667.5986938476562,44.75887680053711,115.06908416748047,44.11328125,54.16132354736328,152.5772247314453,139.0060577392578,78.57380676269531,40.02068328857422,42.14735794067383,152.5109100341797,120.04048156738281
2025-12-18,672.6399536132812,44.73906707763672,115.72486114501953,43.47296142578125,54.07209396362305,153.57101440429688,141.150146484375,78.1200180053711,39.7750358581543,42.561344146728516,152.62991333007812,121.85324096679688
2025-12-19,678.7363891601562,44.93716049194336,115.7745361328125,43.47296142578125,54.3695182800293,154.8927764892578,144.20172119140625,77.71556091308594,39.627647399902344,42.01922607421875,153.65135192871094,121.36518859863281
2025-12-22,682.96484375,45.467796325683594,116.28890991210938,43.92301940917969,55.03709030151367,156.6099395751953,144.979736328125,77.44408416748047,39.921669006347656,42.17513656616211,154.6641845703125,122.0947265625
2025-12-23,686.0863037109375,45.54744338989258,117.01658630371094,44.21113586425781,55.14652633666992,156.55010986328125,145.7687530517578,77.07616424560547,39.911739349365234,42.324092864990234,154.35545349121094,121.9250717163086
2025-12-24,688.4996948242188,45.637046813964844,117.71435546875,44.08198165893555,55.44499206542969,157.05868530273438,146.1183319091797,77.68274688720703,40.17000198364258,42.51277542114258,155.16213989257812,122.34423065185547
2025-12-26,688.4298706054688,45.905853271484375,117.59474182128906,43.9130859375,55.33555221557617,156.76950073242188,146.34803771972656,77.79212951660156,40.24946975708008,42.48298263549805,155.41111755371094,121.8053207397461
2025-12-29,685.9765625,45.53749084472656,117.5149917602539,44.33035659790039,55.03709030151367,156.43045043945312,145.68885803222656,77.84185028076172,40.358734130859375,42.56242752075195,155.17208862304688,120.60771942138672
2025-12-30,685.138916015625,45.52753448486328,117.9137191772461,44.66815185546875,54.897804260253906,155.98170471191406,145.22943115234375,77.71257781982422,40.44813537597656,42.6617317199707,155.04261779785156,120.11870574951172
2025-12-31,680.062744140625,45.14921569824219,117.34553527832031,44.41977310180664,54.48990249633789,154.6853485107422,143.7912139892578,77.24520874023438,40.08060073852539,42.39360809326172,154.16622924804688,119.17060852050781
2026-01-02,681.309326171875,45.91580581665039,116.52814483642578,45.35367202758789,54.64908218383789,157.53733825683594,144.1208038330078,77.2551498413086,40.11040496826172,42.88020706176758,154.87332153320312,118.11273193359375
2026-01-05,685.846923828125,46.37377166748047,117.37544250488281,46.58562088012695,55.84294891357422,159.402099609375,144.44039916992188,76.91705322265625,40.16006851196289,42.403541564941406,154.40524291992188,120.05882263183594
2026-01-06,689.92578125,47.289695739746094,116.95677947998047,45.34373474121094,56.111568450927734,161.56602478027344,146.46788024902344,77.03638458251953,40.42826843261719,42.61207962036133,157.4427490234375,120.82727813720703
2026-01-07,687.701904296875,46.47332763671875,116.71753692626953,44.8370475769043,55.32560729980469,158.52456665039062,146.34803771972656,76.1911392211914,39.872005462646484,41.57929992675781,159.00633239746094,120.65762329101562
2026-01-08,687.632080078125,47.289695739746094,117.1063003540039,46.24782943725586,55.6141242980957,159.72120666503906,144.06088256835938,78.0009536743164,40.17000198364258,41.69847106933594,157.47262573242188,122.67356872558594
2026-01-09,692.1796264648438,48.046329498291016,117.5349349975586,46.36705017089844,55.44499206542969,161.47625732421875,145.968505859375,78.8064193725586,40.2296028137207,42.2148551940918,156.66595458984375,124.16058349609375
2026-01-12,693.2666625976562,48.305179595947266,117.17607879638672,46.03919219970703,55.00724411010742,162.71279907226562,146.6077117919922,79.73121643066406,40.34880065917969,42.28437423706055,156.7356719970703,124.27035522460938
2026-01-13,691.8804931640625,48.514251708984375,116.51817321777344,46.694908142089844,53.95266342163086,163.55043029785156,146.298095703125,80.656005859375,40.65673065185547,42.55249786376953,156.09829711914062,123.96098327636719
2026-01-14,688.479736328125,48.53416442871094,116.26896667480469,47.74802780151367,53.87307357788086,163.80972290039062,144.5203094482422,81.76974487304688,41.1136589050293,42.87027359008789,157.2136993408203,122.00491333007812
2026-01-15,690.3546142578125,48.74323272705078,115.84033966064453,47.30094909667969,54.09194564819336,165.3154754638672,145.2793731689453,81.9089584350586,41.421592712402344,43.307220458984375,156.31739807128906,122.45401000976562
2026-01-16,689.7761840820312,48.464473724365234,114.80364227294922,47.380428314208984,54.16158676147461,166.43234252929688,145.4391632080078,81.6504135131836,41.928184509277344,43.088748931884766,155.10238647460938,122.05481719970703
2026-01-20,675.7345581054688,47.97663879394531,113.10905456542969,47.291011810302734,52.92793273925781,163.07179260253906,141.6638641357422,81.89900970458984,41.12359619140625,42.6617317199707,154.76376342773438,118.88118743896484
2026-01-21,683.5332641601562,49.021995544433594,114.2653579711914,48.43354797363281,53.18659973144531,165.89385986328125,143.63140869140625,81.97856903076172,41.27259063720703,42.721317291259766,157.612060546875,121.1566162109375
2026-01-22,687.103515625,49.30075454711914,115.88021087646484,48.59251022338867,53.534812927246094,165.03627014160156,144.70008850097656,81.80950927734375,40.86532974243164,42.41346740722656,157.64193725585938,122.37417602539062
2026-01-23,687.352783203125,49.74876403808594,116.58795166015625,48.87069320678711,52.7985954284668,163.75985717773438,144.90982055664062,82.44593811035156,40.97459411621094,42.26451110839844,156.8352508544922,122.88314819335938
2026-01-26,690.84326171875,49.808494567871094,117.39537048339844,48.90049743652344,53.13685607910156,163.91940307617188,145.8986053466797,82.31665802001953,40.94479751586914,42.572357177734375,157.45272827148438,122.07477569580078
2026-01-27,693.5957641601562,49.75871658325195,116.52814483642578,49.34757614135742,52.72895431518555,164.59750366210938,147.86614990234375,82.69453430175781,40.97459411621094,43.12847137451172,154.81356811523438,122.44403076171875
2026-01-28,693.5259399414062,49.728851318359375,116.37862396240234,49.7251091003418,52.7190055847168,163.68008422851562,149.044677734375,81.85923767089844,40.57726287841797,43.02916717529297,153.67823791503906,121.52587127685547
2026-01-29,692.1497192382812,49.778629302978516,119.40895080566406,50.18212127685547,53.27614212036133,165.395263671875,146.68760681152344,81.67029571533203,41.09379196166992,43.02916717529297,153.19024658203125,120.94703674316406
2026-01-30,690.0853271484375,49.05186080932617,119.69802856445312,50.7186164855957,53.16670227050781,164.9764404296875,143.7013397216797,83.0425796508789,41.15339279174805,42.94972229003906,154.10647583007812,120.92707824707031
2026-02-02,693.5159912109375,49.430179595947266,119.2893295288086,49.7251091003418,53.753684997558594,167.06057739257812,145.07960510253906,84.02703094482422,40.68653106689453,42.324092864990234,155.05258178710938,121.72547912597656
2026-02-03,687.6520385742188,50.475528717041016,117.36547088623047,51.334590911865234,53.25624084472656,168.4666290283203,141.903564453125,85.38936614990234,40.537532806396484,42.93979263305664,153.46910095214844,120.7474365234375
2026-02-04,684.3211059570312,51.66025924682617,116.428466796875,52.487064361572266,53.684043884277344,168.9153594970703,137.94847106933594,86.50309753417969,41.18319320678711,42.78090286254883,155.3911895751953,119.85922241210938
2026-02-05,675.7744750976562,50.27641296386719,115.84033966064453,51.871089935302734,53.01747131347656,167.89822387695312,135.46157836914062,86.43348693847656,40.95472717285156,42.80076217651367,154.2060546875,117.2744140625
2026-02-06,688.739013671875,51.28194046020508,115.39176940917969,52.90433883666992,53.98250961303711,172.69473266601562,140.95474243164062,87.44778442382812,41.70965576171875,43.04902648925781,157.06431579589844,117.75344848632812
2026-02-09,692.0599975585938,51.948978424072266,116.5082015991211,53.291805267333984,53.664146423339844,173.21328735351562,143.1719970703125,86.94063568115234,41.967918395996094,43.178123474121094,155.6800079345703,117.31433868408203
2026-02-10,690.2349243164062,52.675743103027344,117.20597839355469,53.23219680786133,53.27614212036133,173.42269897460938,142.37298583984375,86.66220092773438,42.553977966308594,43.89312744140625,154.69406127929688,118.0927734375
2026-02-11,690.075439453125,53.382598876953125,116.36865234375,54.62310791015625,52.47028350830078,174.35009765625,142.79246520996094,87.90520477294922,42.514244079589844,44.280418395996094,155.61029052734375,117.52391815185547
2026-02-12,679.41455078125,52.596099853515625,114.27532958984375,53.629600524902344,51.42565155029297,172.2659454345703,139.03713989257812,88.7106704711914,42.583778381347656,44.93583679199219,155.36131286621094,115.89717864990234
2026-02-13,679.8931884765625,53.073974609375,114.21552276611328,53.997196197509766,51.385860443115234,173.68197631835938,139.38668823242188,89.00899505615234,43.209571838378906,46.17715835571289,157.02447509765625,115.94708251953125
2026-02-17,680.9901733398438,52.4666748046875,114.03609466552734,53.401092529296875,51.93304443359375,174.5894317626953,139.30679321289062,87.7063217163086,43.64663314819336,46.05799102783203,156.7257080078125,115.80736541748047
2026-02-18,684.4208374023438,52.78525924682617,114.2254867553711,54.42440414428711,52.32105255126953,174.54953002929688,140.73501586914062,87.5472183227539,43.06057357788086,45.2933349609375,157.02447509765625,116.78539276123047
2026-02-19,682.61572265625,52.596099853515625,114.77374267578125,54.82181167602539,51.88330078125,175.84588623046875,140.035888671875,87.17929077148438,42.91157531738281,45.78986358642578,156.61614990234375,116.0069580078125
2026-02-20,687.5523071289062,52.725521087646484,116.428466796875,54.52375793457031,52.22156524658203,176.7333984375,140.70506286621094,87.39805603027344,43.26917266845703,46.008338928222656,156.17796325683594,117.21453094482422
2026-02-23,680.531494140625,52.725521087646484,114.9930419921875,54.79200744628906,50.47056198120117,174.34011840820312,138.34799194335938,88.47201538085938,43.31884002685547,46.35590744018555,157.8909149169922,114.75946807861328
2026-02-24,685.4779052734375,53.12375259399414,115.7905044555664,54.74232864379883,50.71928405761719,176.48410034179688,140.145751953125,89.23770141601562,43.43803787231445,46.87229919433594,157.22366333007812,116.5059585571289
2026-02-25,691.26220703125,52.82508087158203,116.1294174194336,54.51382064819336,51.604732513427734,175.10797119140625,142.8323974609375,88.51179504394531,43.14997100830078,47.031185150146484,157.18382263183594,116.85525512695312
2026-02-26,687.422607421875,52.76534652709961,116.34871673583984,54.69265365600586,52.231510162353516,176.2048797607422,140.8348846435547,88.36263275146484,43.338706970214844,46.85243606567383,156.77549743652344,116.81533813476562
2026-02-27,684.1216430664062,53.17353057861328,117.67449188232422,55.557003021240234,51.16698455810547,176.64364624023438,138.58767700195312,89.50619506835938,43.54730224609375,47.398616790771484,159.5441131591797,116.62571716308594
2026-03-02,684.5106201171875,53.01424026489258,117.49506378173828,56.66973876953125,51.03764724731445,178.39871215820312,139.36671447753906,88.21347045898438,43.626766204833984,47.041114807128906,157.88095092773438,115.18860626220703
2026-03-03,678.4771118164062,51.71003723144531,117.58477020263672,56.15311050415039,50.9481086730957,174.9484100341797,137.32925415039062,87.24889373779297,43.40823745727539,46.74319839477539,156.09829711914062,114.13072967529297
2026-03-04,683.2639770507812,51.69012451171875,118.4121322631836,55.825252532958984,51.23662567138672,175.4769287109375,139.6663360595703,86.67214965820312,43.46783447265625,46.941810607910156,156.4070281982422,116.15666198730469
2026-03-05,679.4544067382812,50.60495376586914,118.06324768066406,56.11336898803711,50.9680061340332,171.577880859375,140.00592041015625,84.93194580078125,43.05064010620117,46.57438278198242,153.27987670898438,116.31634521484375
2026-03-06,670.5487060546875,49.63924789428711,117.08636474609375,56.20278549194336,50.31138229370117,169.4638214111328,137.1195068359375,85.29986572265625,42.60364532470703,46.41549301147461,152.0748291015625,114.2105712890625
2026-03-09,676.4227294921875,49.768672943115234,117.18604278564453,55.954410552978516,50.072608947753906,170.46102905273438,139.58644104003906,85.48880767822266,42.69304275512695,46.52472686767578,153.62843322753906,114.36026763916016
2026-03-10,675.3356323242188,49.65916061401367,117.0066146850586,55.23908233642578,49.80398941040039,169.54360961914062,139.58644104003906,85.24020385742188,42.63344192504883,46.23674011230469,152.52297973632812,114.2105712890625
2026-03-11,674.4879760742188,49.61933517456055,116.62782287597656,56.61012649536133,49.38613510131836,169.0150909423828,140.25559997558594,84.11652374267578,42.12685012817383,45.84944534301758,152.22421264648438,113.91117095947266
2026-03-12,664.2459106445312,49.460044860839844,114.90332794189453,57.13668441772461,48.58028030395508,164.77700805664062,137.6688232421875,83.77843475341797,41.85865020751953,46.17715835571289,149.54522705078125,111.29642486572266
2026-03-13,660.4862060546875,48.97221374511719,114.0859375,57.3254508972168,48.63997268676758,164.1886444091797,136.630126953125,84.26568603515625,41.967918395996094,46.63396072387695,149.17672729492188,110.63774871826172
2026-03-16,667.2078857421875,49.1812858581543,114.96314239501953,57.52415466308594,49.047874450683594,165.59469604492188,138.607666015625,84.50434875488281,42.29571533203125,46.93187713623047,150.39173889160156,111.97505950927734
2026-03-17,668.9630126953125,49.30075454711914,115.00301361083984,58.130191802978516,49.306549072265625,166.03346252441406,139.36671447753906,84.22591400146484,42.43478012084961,46.80278396606445,149.02735900878906,112.95309448242188
2026-03-18,659.6285400390625,48.265357971191406,113.29845428466797,58.05071258544922,48.719566345214844,164.7171630859375,137.78868103027344,82.17744445800781,41.73945236206055,46.40555953979492,146.53758239746094,110.34832763671875
2026-03-19,658.0029907226562,47.52863693237305,112.78010559082031,58.97467803955078,48.739463806152344,163.6002960205078,138.25808715820312,81.51119232177734,41.64011764526367,46.216880798339844,146.009765625,109.48007202148438
2026-03-20,648.5700073242188,46.77199935913086,111.87300109863281,58.92500305175781,48.829002380371094,161.2169952392578,135.1219940185547,80.83499908447266,40.319000244140625,44.340003967285156,144.73500061035156,107.52400207519531
2026-03-23,655.3800048828125,47.54999923706055,112.70999908447266,59.630001068115234,49.27000045776367,163.0500030517578,136.9499969482422,81.18000030517578,40.619998931884766,44.779998779296875,144.77000427246094,110.12000274658203
2026-03-24,653.1799926757812,48.45000076293945,111.12999725341797,60.84000015258789,49.279998779296875,164.0,136.14999389648438,81.11000061035156,40.290000915527344,45.09000015258789,144.7899932861328,109.68000030517578
2026-03-25,656.8200073242188,49.40999984741211,111.44000244140625,60.56999969482422,49.34000015258789,165.10000610351562,136.75999450683594,81.51000213623047,40.27000045776367,45.25,146.24000549316406,110.7300033569336
2026-03-26,645.0900268554688,49.09000015258789,108.80999755859375,61.52000045776367,49.04999923706055,161.27000427246094,132.5,81.13999938964844,40.290000915527344,45.33000183105469,145.74000549316406,108.83000183105469
2026-03-27,634.0900268554688,48.90999984741211,107.04000091552734,62.560001373291016,47.810001373291016,159.1999969482422,129.9199981689453,81.77999877929688,40.0099983215332,45.59000015258789,143.25999450683594,105.68000030517578
2026-03-30,631.969970703125,49.09000015258789,107.95999908447266,61.959999084472656,48.36000061035156,156.61000061035156,127.5,81.87999725341797,40.209999084472656,45.91999816894531,143.82000732421875,105.66000366210938
2026-03-31,650.3400268554688,49.970001220703125,110.86000061035156,61.2599983215332,49.369998931884766,161.72999572753906,132.89999389648438,81.9800033569336,40.83000183105469,45.88999938964844,146.61000061035156,108.9800033569336
2026-04-01,655.239990234375,50.459999084472656,111.23999786376953,58.970001220703125,49.439998626708984,164.42999267578125,134.91000366210938,81.45999908447266,40.95000076293945,46.11000061035156,147.72999572753906,109.80000305175781
2026-04-02,655.8300170898438,50.40999984741211,111.69999694824219,59.25,49.529998779296875,163.77000427246094,135.99000549316406,81.88999938964844,41.61000061035156,46.34000015258789,146.80999755859375,108.1500015258789
2026-04-06,658.9299926757812,50.220001220703125,111.76000213623047,59.68000030517578,49.880001068115234,164.61000061035156,136.77999877929688,82.66000366210938,41.7599983215332,46.16999816894531,146.27999877929688,109.04000091552734
2026-04-07,659.219970703125,50.08000183105469,111.81999969482422,60.15999984741211,49.880001068115234,164.27999877929688,137.42999267578125,81.26000213623047,41.720001220703125,46.27000045776367,146.57000732421875,107.7699966430664
2026-04-08,676.010009765625,51.75,113.80999755859375,58.04999923706055,51.20000076293945,170.44000244140625,141.69000244140625,82.77999877929688,42.439998626708984,46.779998779296875,149.6699981689453,110.81999969482422
2026-04-09,679.9099731445312,51.66999816894531,114.2699966430664,57.33000183105469,51.33000183105469,172.19000244140625,142.07000732421875,83.44999694824219,42.72999954223633,47.150001525878906,149.3300018310547,112.73999786376953
2026-04-10,679.4600219726562,51.959999084472656,113.94999694824219,56.939998626708984,50.77000045776367,171.52000427246094,142.6199951171875,82.37000274658203,42.81999969482422,46.959999084472656,147.30999755859375,112.88999938964844
2026-04-13,686.0999755859375,52.189998626708984,114.81999969482422,57.11000061035156,51.65999984741211,172.72999572753906,145.61000061035156,81.55000305175781,43.02000045776367,46.38999938964844,147.97000122070312,113.91999816894531
2026-04-14,694.4600219726562,52.0099983215332,116.55999755859375,55.95000076293945,51.779998779296875,173.35000610351562,147.94000244140625,81.47000122070312,43.43000030517578,46.470001220703125,148.8300018310547,116.44000244140625
2026-04-15,699.9400024414062,51.380001068115234,117.36000061035156,55.7599983215332,52.16999816894531,171.17999267578125,150.3000030517578,81.05999755859375,43.40999984741211,46.02000045776367,147.77000427246094,118.18000030517578
2026-04-16,701.6599731445312,51.75,118.83000183105469,56.58000183105469,52.029998779296875,170.3300018310547,152.02000427246094,81.43000030517578,43.810001373291016,46.349998474121094,146.61000061035156,117.62999725341797
2026-04-17,710.1400146484375,51.880001068115234,119.0999984741211,55.02000045776367,52.43000030517578,173.50999450683594,154.35000610351562,82.45999908447266,44.47999954223633,46.15999984741211,148.8000030517578,120.41000366210938
2026-04-20,708.719970703125,52.22999954223633,118.75,55.06999969482422,52.630001068115234,173.89999389648438,154.55999755859375,82.38999938964844,44.63999938964844,45.75,147.4199981689453,119.87000274658203
2026-04-21,704.0800170898438,51.77000045776367,117.16000366210938,55.869998931884766,52.29999923706055,171.44000244140625,154.69000244140625,81.83999633789062,43.779998779296875,44.95000076293945,145.9199981689453,118.97000122070312
2026-04-22,711.2100219726562,51.83000183105469,117.87999725341797,56.540000915527344,52.209999084472656,171.0399932861328,158.08999633789062,82.11000061035156,43.459999084472656,44.869998931884766,146.3800048828125,118.93000030517578
2026-04-23,708.4500122070312,51.810001373291016,117.38999938964844,56.97999954223633,51.79999923706055,174.07000732421875,155.83999633789062,83.4800033569336,43.959999084472656,46.09000015258789,146.24000549316406,117.73999786376953
2026-04-24,713.9400024414062,51.91999816894531,115.54000091552734,56.869998931884766,51.41999816894531,172.47000122070312,160.22000122070312,83.2300033569336,43.83000183105469,46.18000030517578,144.17999267578125,118.69000244140625
2026-04-27,715.1699829101562,51.779998779296875,115.80999755859375,56.77000045776367,51.810001373291016,172.50999450683594,160.57000732421875,82.33999633789062,43.4900016784668,46.189998626708984,143.4600067138672,117.83999633789062
2026-04-28,711.6900024414062,51.400001525878906,115.75,57.709999084472656,51.849998474121094,170.97999572753906,157.85000610351562,83.08000183105469,43.90999984741211,46.25,143.83999633789062,117.01000213623047
2026-04-29,711.5800170898438,50.959999084472656,115.29000091552734,59.029998779296875,51.91999816894531,169.92999267578125,159.11000061035156,82.91999816894531,43.63999938964844,45.68000030517578,142.83999633789062,116.83999633789062
2026-04-30,718.6599731445312,51.470001220703125,116.51000213623047,59.650001525878906,52.130001068115234,174.5800018310547,159.5,84.30999755859375,44.400001525878906,46.849998474121094,145.99000549316406,118.3499984741211
2026-05-01,720.6500244140625,51.349998474121094,116.72000122070312,58.849998474121094,51.91999816894531,172.9600067138672,161.8699951171875,84.16999816894531,44.31999969482422,46.54999923706055,145.16000366210938,118.62999725341797
2026-05-04,718.010009765625,50.650001525878906,116.0999984741211,59.38999938964844,51.58000183105469,170.97999572753906,162.0500030517578,83.54000091552734,44.08000183105469,46.369998931884766,144.72999572753906,117.72000122070312
2026-05-05,723.77001953125,51.529998779296875,115.62999725341797,59.45000076293945,51.59000015258789,172.41000366210938,165.6300048828125,84.05999755859375,44.16999816894531,46.369998931884766,145.3000030517578,118.06999969482422
2026-05-06,733.8300170898438,52.40999984741211,117.3499984741211,57.0,51.84000015258789,176.8699951171875,170.02999877929688,84.23999786376953,44.7400016784668,45.709999084472656,145.39999389648438,119.87000274658203
2026-05-07,731.5800170898438,51.400001525878906,117.37999725341797,55.95000076293945,51.54999923706055,174.0,169.69000244140625,83.9800033569336,44.400001525878906,45.119998931884766,144.72000122070312,119.87999725341797
2026-05-08,737.6199951171875,51.59000015258789,116.94000244140625,55.70000076293945,51.2400016784668,173.1999969482422,175.52000427246094,84.18000030517578,44.40999984741211,44.720001220703125,143.49000549316406,120.19999694824219
2026-05-11,739.2999877929688,52.2599983215332,115.58000183105469,57.16999816894531,51.18000030517578,175.0399932861328,177.8800048828125,83.37000274658203,44.56999969482422,45.13999938964844,143.0399932861328,119.37000274658203
2026-05-12,738.1799926757812,52.13999938964844,115.86000061035156,57.56999969482422,51.58000183105469,174.35000610351562,175.1999969482422,84.44000244140625,44.58000183105469,45.189998626708984,145.85000610351562,118.29000091552734
2026-05-13,742.3099975585938,52.060001373291016,116.76000213623047,57.630001068115234,50.9900016784668,173.6199951171875,176.85000610351562,84.72000122070312,44.209999084472656,44.66999816894531,146.7100067138672,118.72000122070312
2026-05-14,748.1699829101562,51.66999816894531,117.11000061035156,58.06999969482422,51.290000915527344,174.50999450683594,179.5,84.9800033569336,43.90999984741211,44.900001525878906,146.6300048828125,118.66999816894531
2026-05-15,739.1699829101562,50.29999923706055,116.08000183105469,59.439998626708984,51.099998474121094,171.39999389648438,176.25999450683594,84.63999938964844,43.22999954223633,43.869998931884766,145.10000610351562,116.52999877929688
2026-05-18,738.6500244140625,50.220001220703125,116.9800033569336,60.58000183105469,51.7400016784668,170.75,174.36000061035156,85.9000015258789,43.75,43.939998626708984,145.72000122070312,116.31999969482422
2026-05-19,733.72998046875,49.040000915527344,115.8499984741211,61.290000915527344,51.099998474121094,168.74000549316406,173.24000549316406,86.08999633789062,43.939998626708984,44.34000015258789,147.32000732421875,115.02999877929688
2026-05-20,741.25,49.720001220703125,116.0999984741211,59.79999923706055,51.65999984741211,170.72999572753906,177.13999938964844,85.5199966430664,44.43000030517578,44.5099983215332,147.1300048828125,117.94000244140625
2026-05-21,742.719970703125,50.02000045776367,116.0999984741211,59.130001068115234,51.72999954223633,170.52999877929688,178.60000610351562,84.66000366210938,44.5,45.0,148.14999389648438,118.69999694824219
2026-05-22,745.6400146484375,50.290000915527344,115.45999908447266,59.4900016784668,51.939998626708984,171.77000427246094,180.38999938964844,84.80000305175781,44.560001373291016,45.349998474121094,149.88999938964844,119.18000030517578
2026-05-26,750.5900268554688,50.9900016784668,115.55000305175781,57.849998474121094,51.849998474121094,174.3000030517578,185.13999938964844,83.62999725341797,44.709999084472656,45.33000183105469,148.50999450683594,119.44999694824219
2026-05-27,750.4600219726562,51.18000030517578,116.26000213623047,56.9900016784668,51.41999816894531,174.3000030517578,184.42999267578125,84.58000183105469,44.630001068115234,45.13999938964844,148.7899932861328,121.55000305175781
2026-05-28,754.5999755859375,51.36000061035156,116.66999816894531,56.95000076293945,51.27000045776367,173.8000030517578,186.85000610351562,84.43000030517578,44.40999984741211,44.630001068115234,150.8800048828125,122.05999755859375
2026-05-29,756.47998046875,51.150001525878906,115.69000244140625,56.290000915527344,51.58000183105469,173.1300048828125,191.02000427246094,82.91000366210938,43.9900016784668,44.41999816894531,149.47000122070312,120.87000274658203
2026-06-01,758.5399780273438,50.91999816894531,115.61000061035156,57.29999923706055,51.43000030517578,172.39999389648438,195.75999450683594,82.02999877929688,43.27000045776367,43.099998474121094,147.83999633789062,118.19000244140625
2026-06-02,759.5700073242188,51.52000045776367,113.56999969482422,57.959999084472656,51.459999084472656,174.19000244140625,198.2100067138672,81.83000183105469,43.4900016784668,43.900001525878906,146.39999389648438,117.58999633789062
2026-06-03,754.239990234375,51.630001068115234,112.08000183105469,58.709999084472656,50.869998931884766,174.0500030517578,196.22999572753906,82.16000366210938,43.5099983215332,43.709999084472656,147.5500030517578,116.7300033569336
2026-06-04,757.0900268554688,51.619998931884766,113.11000061035156,58.75,52.189998626708984,176.16000366210938,193.1699981689453,82.04000091552734,44.400001525878906,43.939998626708984,152.0800018310547,117.26000213623047
2026-06-05,737.5499877929688,50.630001068115234,111.66999816894531,57.66999816894531,52.29999923706055,174.17999267578125,180.3000030517578,83.44000244140625,44.70000076293945,44.349998474121094,153.00999450683594,114.86000061035156
2026-06-08,739.219970703125,49.959999084472656,111.08999633789062,58.33000183105469,51.970001220703125,173.6300048828125,184.17999267578125,83.06999969482422,44.029998779296875,43.52000045776367,152.64999389648438,115.38999938964844
2026-06-09,737.0499877929688,50.77000045776367,111.4800033569336,57.38999938964844,52.459999084472656,175.60000610351562,180.77000427246094,84.0999984741211,44.970001220703125,43.97999954223633,154.57000732421875,115.87000274658203
2026-06-10,725.4299926757812,49.599998474121094,111.01000213623047,58.25,52.22999954223633,169.66000366210938,176.6300048828125,85.48999786376953,44.9900016784668,44.0,152.85000610351562,113.48999786376953
2026-06-11,737.760009765625,51.220001220703125,112.12000274658203,57.119998931884766,52.619998931884766,175.14999389648438,183.2100067138672,85.2699966430664,44.91999816894531,44.04999923706055,154.08999633789062,116.30000305175781
2026-06-12,741.75,52.18000030517578,111.6500015258789,57.54999923706055,53.34000015258789,176.17999267578125,184.8000030517578,85.81999969482422,45.36000061035156,44.529998779296875,153.80999755859375,116.5999984741211
